chrom	end	start	strand	SCD_m0_B	SCD_m0_D	dot-score_m0	cross-score_m0	x-score_m0	SCD_m1_B	SCD_m1_D	dot-score_m1	cross-score_m1	x-score_m1	SCD_m2_B	SCD_m2_D	dot-score_m2	cross-score_m2	x-score_m2	SCD_m3_B	SCD_m3_D	dot-score_m3	cross-score_m3	x-score_m3	SCD_m4_B	SCD_m4_D	dot-score_m4	cross-score_m4	x-score_m4	SCD_m5_B	SCD_m5_D	dot-score_m5	cross-score_m5	x-score_m5	SCD_m6_B	SCD_m6_D	dot-score_m6	cross-score_m6	x-score_m6	SCD_m7_B	SCD_m7_D	dot-score_m7	cross-score_m7	x-score_m7	SCD_B	SCD_D	dot-score	cross-score	x-score
chr13	109213188	109213169	-	77.75	78.6	22.78	1.318	1.839	71.9	80.4	20.88	1.124	1.598	64.25	83.5	21.16	1.096	1.563	54.34	70.3	20.17	1.197	1.653	66.9	66.8	17.98	1.05	1.46	73.75	72.75	18.92	1.064	1.481	84.1	91.1	25.27	1.455	2.01	75.4	84.2	21.61	1.242	1.727	71.06	78.44	21.11	1.193	1.666
chr9	103996726	103996707	-	69.6	67.6	17.78	1.088	1.483	64.6	68.06	15.05	0.8516	1.187	51.34	61.25	11.73	0.6875	0.9365	49.16	69.44	19.8	1.175	1.623	62.5	63.84	16.53	0.9844	1.361	63.9	66.44	17.6	1.006	1.393	72.44	71.9	17.34	1.081	1.455	69.1	78.56	19.34	1.119	1.549	62.88	68.4	16.9	0.999	1.372
chr17	83271696	83271677	+	53.8	54.0	11.484	0.7495	0.995	45.8	51.4	8.1	0.4954	0.6646	38.66	45.1	7.363	0.4648	0.616	35.94	46.56	8.61	0.581	0.7617	53.25	49.9	11.36	0.728	0.9727	52.75	54.56	11.88	0.7314	0.979	54.1	63.34	12.17	0.794	1.054	50.8	50.75	8.89	0.5137	0.699	48.12	51.94	9.984	0.632	0.8433
chr17	93141334	93141315	-	38.06	39.0	5.0	0.342	0.44	54.06	52.0	8.195	0.501	0.673	42.7	50.4	7.844	0.4858	0.6484	29.97	35.8	4.996	0.3567	0.4539	40.2	38.0	6.5	0.442	0.573	32.66	37.53	4.254	0.2756	0.3594	44.78	52.4	8.3	0.552	0.7236	43.2	43.03	6.523	0.3655	0.4966	40.72	43.53	6.45	0.4148	0.546
chr11	30240273	30240254	+	0.2988	0.3003	0.1699	0.0001229	0.0002756	0.3225	0.316	0.1598	9.85e-05	-0.000245	0.366	0.25	0.12146	0.0002902	0.000312	0.2106	0.1946	0.1406	0.00010556	2.4e-07	0.3398	0.3794	0.12286	-0.0004044	-0.0007634	0.3042	0.296	0.1174	-9.92e-05	-9.14e-05	0.4856	0.4465	0.308	-0.0007424	-0.001627	0.81	0.688	0.6465	9.394e-05	0.000375	0.3923	0.3586	0.2234	-6.69e-05	-0.0002207
chr10	52106337	52106318	+	24.22	27.97	1.271	0.0793	0.10223	40.06	31.34	1.353	0.07794	0.1053	23.72	33.84	2.184	0.1428	0.1875	21.66	24.66	1.815	0.1295	0.1628	18.55	19.75	0.7324	0.04474	0.05743	30.33	33.8	2.21	0.134	0.1785	35.06	39.56	3.365	0.2256	0.2925	26.72	28.1	2.043	0.07965	0.1084	27.53	29.86	1.873	0.1142	0.1493
